Poskew;Value
Poskew;3
Poskew;2
Poskew;5
Poskew;0
Poskew;1
Poskew;4
Poskew;5
Poskew;5
Poskew;1
Poskew;1
Poskew;2
Poskew;0
Poskew;0
Poskew;1
Poskew;2
Poskew;1
Poskew;1
Poskew;1
Poskew;2
Poskew;1
Poskew;3
Poskew;4
Poskew;5
Poskew;2
Poskew;3
Poskew;2
Poskew;4
Poskew;4
Poskew;5
Poskew;5
Poskew;0
Poskew;2
Poskew;0
Poskew;1
Poskew;4
Poskew;6
Poskew;7
Poskew;6
Poskew;8
Poskew;6
Poskew;9
Poskew;6
Poskew;10
Poskew;7
Poskew;8
Poskew;9
Poskew;10
Poskew;10
Poskew;10
Poskew;6
Poskew;7
Poskew;7
Poskew;8
Poskew;9
Poskew;11
Poskew;12
Poskew;12
Poskew;13
Poskew;14
Poskew;11
Poskew;11
Poskew;12
Poskew;15
Poskew;15
Poskew;15
Poskew;14
Poskew;14
Poskew;13
Poskew;13
Poskew;13
Poskew;13
Poskew;13
Poskew;20
Poskew;20
Poskew;16
Poskew;17
Poskew;17
Poskew;18
Poskew;19
Poskew;19
Poskew;16
Poskew;17
Poskew;20
Poskew;20
Poskew;19
Poskew;19
Poskew;20
Poskew;19
Poskew;20
Poskew;20
Poskew;18
Poskew;18
Poskew;17
Poskew;16
Poskew;16
Poskew;16
Poskew;18
Poskew;18
Poskew;18
Poskew;19
Poskew;19
Poskew;17
Poskew;20
Poskew;20
Poskew;19
Poskew;16
Poskew;16
Poskew;17
Poskew;19
Poskew;20
Poskew;16
Poskew;16
Poskew;16
Poskew;17
Poskew;17
Poskew;18
Poskew;19
Poskew;19
Poskew;20
Poskew;20
Poskew;19
Poskew;18
Poskew;16
Poskew;17
Poskew;20
Poskew;16
Poskew;17
Poskew;18
Poskew;18
Poskew;18
Poskew;20
Poskew;20
Poskew;16
Poskew;17
Poskew;18
Poskew;19
Poskew;20
Poskew;20
Poskew;19
Poskew;18
Poskew;19
Poskew;18
Poskew;16
Poskew;17
Poskew;16
Poskew;17
Poskew;18
Poskew;16
Poskew;17
Poskew;18
Poskew;18
Poskew;18
Poskew;21
Poskew;21
Poskew;21
Poskew;21
Poskew;21
Poskew;25
Poskew;23
Poskew;24
Poskew;25
Poskew;25
Poskew;25
Poskew;21
Poskew;21
Poskew;23
Poskew;22
Poskew;22
Poskew;22
Poskew;23
Poskew;23
Poskew;24
Poskew;25
Poskew;23
Poskew;23
Poskew;25
Poskew;25
Poskew;24
Poskew;24
Poskew;25
Poskew;25
Poskew;22
Poskew;21
Poskew;21
Poskew;21
Poskew;24
Poskew;24
Poskew;23
Poskew;25
Poskew;22
Poskew;22
Poskew;23
Poskew;23
Poskew;24
Poskew;25
Poskew;25
Poskew;21
Poskew;22
Poskew;23
Poskew;24
Poskew;25
Poskew;25
Poskew;24
Poskew;23
Poskew;22
Poskew;21
Poskew;21
Poskew;23
Poskew;24
Poskew;22
Poskew;22
Poskew;22
Poskew;23
Poskew;24
Poskew;25
Poskew;25
Poskew;25
Poskew;21
Poskew;22
Poskew;23
Poskew;23
Poskew;24
Poskew;24
Poskew;25
Poskew;25
Poskew;22
Poskew;22
Poskew;21
Poskew;23
Poskew;23
Poskew;24
Poskew;24
Poskew;25
Poskew;24
Poskew;23
Poskew;22
Poskew;21
Poskew;22
Poskew;23
Poskew;23
Poskew;23
Poskew;24
Poskew;24
Poskew;24
Poskew;24
Poskew;25
Poskew;25
Poskew;25
Poskew;25
Poskew;21
Poskew;22
Poskew;21
Poskew;21
Poskew;21
Poskew;23
Poskew;22
Poskew;24
Poskew;24
Poskew;24
Poskew;25
Poskew;25
Poskew;22
Poskew;22
Poskew;21
Poskew;23
Poskew;24
Poskew;25
Poskew;22
Poskew;25
Poskew;24
Poskew;23
Poskew;22
Poskew;21
Poskew;21
Poskew;26
Poskew;27
Poskew;28
Poskew;29
Poskew;30
Poskew;30
Poskew;29
Poskew;29
Poskew;29
Poskew;30
Poskew;27
Poskew;26
Poskew;26
Poskew;27
Poskew;30
Poskew;29
Poskew;28
Poskew;28
Poskew;28
Poskew;28
Poskew;28
Poskew;29
Poskew;28
Poskew;28
Poskew;27
Poskew;30
Poskew;26
Poskew;30
Poskew;27
Poskew;28
Poskew;26
Poskew;26
Poskew;27
Poskew;28
Poskew;30
Poskew;29
Poskew;29
Poskew;28
Poskew;27
Poskew;26
Poskew;29
Poskew;27
Poskew;26
Poskew;26
Poskew;26
Poskew;27
Poskew;28
Poskew;29
Poskew;30
Poskew;30
Poskew;27
Poskew;26
Poskew;30
Poskew;29
Poskew;30
Poskew;30
Poskew;29
Poskew;26
Poskew;27
Poskew;28
Poskew;30
Poskew;30
Poskew;29
Poskew;29
Poskew;29
Poskew;29
Poskew;28
Poskew;29
Poskew;30
Poskew;26
Poskew;26
Poskew;27
Poskew;28
Poskew;29
Poskew;30
Poskew;30
Poskew;29
Poskew;27
Poskew;28
Poskew;29
Poskew;26
Poskew;26
Poskew;27
Poskew;28
Poskew;29
Poskew;30
Poskew;30
Poskew;26
Poskew;28
Poskew;29
Poskew;27
Poskew;30
Poskew;26
Poskew;26
Poskew;27
Poskew;27
Poskew;28
Poskew;28
Poskew;29
Poskew;29
Poskew;30
Poskew;30
Poskew;26
Poskew;26
Poskew;29
Poskew;29
Poskew;29
Poskew;27
Poskew;26
Poskew;26
Poskew;27
Poskew;28
Poskew;30
Poskew;30
Poskew;29
Poskew;21
Poskew;26
Poskew;27
Poskew;28
Poskew;29
Poskew;30
Poskew;35
Poskew;35
Poskew;34
Poskew;33
Poskew;32
Poskew;33
Poskew;31
Poskew;33
Poskew;34
Poskew;35
Poskew;34
Poskew;31
Poskew;33
Poskew;34
Poskew;32
Poskew;33
Poskew;32
Poskew;33
Poskew;34
Poskew;35
Poskew;33
Poskew;32
Poskew;32
Poskew;33
Poskew;34
Poskew;35
Poskew;35
Poskew;34
Poskew;35
Poskew;33
Poskew;34
Poskew;35
Poskew;35
Poskew;34
Poskew;33
Poskew;32
Poskew;31
Poskew;31
Poskew;32
Poskew;33
Poskew;34
Poskew;35
Poskew;34
Poskew;35
Poskew;34
Poskew;35
Poskew;34
Poskew;35
Poskew;32
Poskew;32
Poskew;31
Poskew;31
Poskew;32
Poskew;32
Poskew;31
Poskew;33
Poskew;33
Poskew;33
Poskew;33
Poskew;34
Poskew;35
Poskew;34
Poskew;34
Poskew;34
Poskew;35
Poskew;35
Poskew;33
Poskew;32
Poskew;31
Poskew;32
Poskew;31
Poskew;33
Poskew;34
Poskew;31
Poskew;35
Poskew;32
Poskew;34
Poskew;33
Poskew;34
Poskew;31
Poskew;32
Poskew;31
Poskew;35
Poskew;32
Poskew;35
Poskew;34
Poskew;31
Poskew;33
Poskew;33
Poskew;36
Poskew;40
Poskew;40
Poskew;38
Poskew;37
Poskew;40
Poskew;36
Poskew;37
Poskew;38
Poskew;39
Poskew;36
Poskew;38
Poskew;40
Poskew;40
Poskew;36
Poskew;37
Poskew;39
Poskew;40
Poskew;39
Poskew;38
Poskew;40
Poskew;38
Poskew;40
Poskew;40
Poskew;36
Poskew;36
Poskew;37
Poskew;38
Poskew;36
Poskew;36
Poskew;37
Poskew;40
Poskew;36
Poskew;40
Poskew;40
Poskew;40
Poskew;40
Poskew;40
Poskew;39
Poskew;37
Poskew;36
Poskew;40
Poskew;38
Poskew;38
Poskew;37
Poskew;39
Poskew;36
Poskew;40
Poskew;36
Poskew;37
Poskew;39
Poskew;40
Poskew;36
Poskew;38
Poskew;39
Poskew;39
Poskew;39
Poskew;38
Poskew;37
Poskew;36
Poskew;36
Poskew;36
Poskew;37
Poskew;38
Poskew;39
Poskew;40
Poskew;40
Poskew;40
Poskew;37
Poskew;36
Poskew;41
Poskew;45
Poskew;44
Poskew;45
Poskew;45
Poskew;45
Poskew;44
Poskew;43
Poskew;42
Poskew;41
Poskew;41
Poskew;45
Poskew;43
Poskew;42
Poskew;45
Poskew;41
Poskew;42
Poskew;44
Poskew;44
Poskew;44
Poskew;44
Poskew;44
Poskew;45
Poskew;43
Poskew;42
Poskew;41
Poskew;41
Poskew;44
Poskew;43
Poskew;45
Poskew;45
Poskew;45
Poskew;44
Poskew;43
Poskew;45
Poskew;43
Poskew;42
Poskew;43
Poskew;43
Poskew;43
Poskew;45
Poskew;45
Poskew;41
Poskew;44
Poskew;42
Poskew;42
Poskew;41
Poskew;43
Poskew;45
Poskew;42
Poskew;41
Poskew;45
Poskew;46
Poskew;46
Poskew;46
Poskew;50
Poskew;49
Poskew;48
Poskew;46
Poskew;47
Poskew;49
Poskew;50
Poskew;48
Poskew;50
Poskew;49
Poskew;50
Poskew;46
Poskew;47
Poskew;49
Poskew;50
Poskew;48
Poskew;46
Poskew;46
Poskew;50
Poskew;46
Poskew;47
Poskew;50
Poskew;48
Poskew;50
Poskew;49
Poskew;48
Poskew;46
Poskew;47
Poskew;47
Poskew;48
Poskew;49
Poskew;50
Poskew;50
Poskew;47
Poskew;48
Poskew;50
Poskew;50
Poskew;46
Poskew;47
Poskew;55
Poskew;54
Poskew;53
Poskew;52
Poskew;53
Poskew;55
Poskew;51
Poskew;55
Poskew;54
Poskew;54
Poskew;53
Poskew;53
Poskew;55
Poskew;52
Poskew;51
Poskew;51
Poskew;52
Poskew;55
Poskew;54
Poskew;53
Poskew;55
Poskew;55
Poskew;51
Poskew;52
Poskew;51
Poskew;51
Poskew;52
Poskew;53
Poskew;60
Poskew;59
Poskew;58
Poskew;60
Poskew;60
Poskew;58
Poskew;57
Poskew;56
Poskew;56
Poskew;57
Poskew;58
Poskew;60
Poskew;60
Poskew;59
Poskew;58
Poskew;57
Poskew;60
Poskew;56
Poskew;61
Poskew;62
Poskew;63
Poskew;64
Poskew;65
Poskew;65
Poskew;65
Poskew;61
Poskew;61
Poskew;65
Poskew;62
Poskew;64
Poskew;62
Poskew;64
Poskew;65
Poskew;64
Poskew;62
Poskew;63
Poskew;66
Poskew;67
Poskew;70
Poskew;68
Poskew;75
Poskew;71
Poskew;74
Noskew;3
Noskew;2
Noskew;5
Noskew;0
Noskew;1
Noskew;4
Noskew;5
Noskew;5
Noskew;36
Noskew;40
Noskew;40
Noskew;38
Noskew;37
Noskew;40
Noskew;36
Noskew;37
Noskew;38
Noskew;39
Noskew;36
Noskew;38
Noskew;40
Noskew;40
Noskew;36
Noskew;37
Noskew;39
Noskew;40
Noskew;39
Noskew;38
Noskew;40
Noskew;38
Noskew;40
Noskew;40
Noskew;36
Noskew;36
Noskew;37
Noskew;38
Noskew;36
Noskew;36
Noskew;37
Noskew;40
Noskew;36
Noskew;40
Noskew;40
Noskew;40
Noskew;40
Noskew;40
Noskew;39
Noskew;37
Noskew;36
Noskew;40
Noskew;38
Noskew;38
Noskew;37
Noskew;39
Noskew;36
Noskew;40
Noskew;36
Noskew;37
Noskew;39
Noskew;40
Noskew;36
Noskew;38
Noskew;39
Noskew;39
Noskew;39
Noskew;38
Noskew;37
Noskew;36
Noskew;36
Noskew;36
Noskew;37
Noskew;38
Noskew;39
Noskew;40
Noskew;40
Noskew;40
Noskew;37
Noskew;36
Noskew;36
Noskew;40
Noskew;40
Noskew;38
Noskew;37
Noskew;40
Noskew;36
Noskew;37
Noskew;38
Noskew;39
Noskew;36
Noskew;38
Noskew;40
Noskew;40
Noskew;36
Noskew;37
Noskew;39
Noskew;40
Noskew;39
Noskew;38
Noskew;40
Noskew;39
Noskew;36
Noskew;40
Noskew;36
Noskew;37
Noskew;39
Noskew;40
Noskew;36
Noskew;38
Noskew;39
Noskew;39
Noskew;39
Noskew;38
Noskew;37
Noskew;36
Noskew;36
Noskew;36
Noskew;41
Noskew;45
Noskew;44
Noskew;45
Noskew;45
Noskew;45
Noskew;44
Noskew;43
Noskew;42
Noskew;41
Noskew;41
Noskew;45
Noskew;43
Noskew;42
Noskew;45
Noskew;41
Noskew;42
Noskew;44
Noskew;44
Noskew;44
Noskew;44
Noskew;44
Noskew;45
Noskew;43
Noskew;42
Noskew;41
Noskew;41
Noskew;44
Noskew;43
Noskew;45
Noskew;45
Noskew;45
Noskew;44
Noskew;43
Noskew;45
Noskew;43
Noskew;42
Noskew;43
Noskew;43
Noskew;43
Noskew;45
Noskew;45
Noskew;41
Noskew;44
Noskew;42
Noskew;42
Noskew;41
Noskew;43
Noskew;45
Noskew;42
Noskew;41
Noskew;70
Noskew;68
Noskew;75
Noskew;71
Noskew;74
Noskew;70
Noskew;75
Noskew;72
Noskew;73
Noskew;6
Noskew;7
Noskew;6
Noskew;8
Noskew;6
Noskew;9
Noskew;6
Noskew;10
Noskew;7
Noskew;8
Noskew;9
Noskew;10
Noskew;10
Noskew;10
Noskew;6
Noskew;7
Noskew;7
Noskew;8
Noskew;9
Noskew;11
Noskew;12
Noskew;12
Noskew;13
Noskew;14
Noskew;11
Noskew;11
Noskew;12
Noskew;15
Noskew;15
Noskew;15
Noskew;14
Noskew;14
Noskew;13
Noskew;13
Noskew;13
Noskew;13
Noskew;13
Noskew;20
Noskew;20
Noskew;16
Noskew;17
Noskew;17
Noskew;18
Noskew;19
Noskew;19
Noskew;16
Noskew;17
Noskew;20
Noskew;20
Noskew;19
Noskew;19
Noskew;20
Noskew;19
Noskew;20
Noskew;20
Noskew;18
Noskew;18
Noskew;17
Noskew;16
Noskew;16
Noskew;16
Noskew;18
Noskew;18
Noskew;18
Noskew;19
Noskew;19
Noskew;17
Noskew;20
Noskew;20
Noskew;19
Noskew;16
Noskew;16
Noskew;17
Noskew;19
Noskew;20
Noskew;16
Noskew;16
Noskew;16
Noskew;17
Noskew;17
Noskew;18
Noskew;19
Noskew;19
Noskew;20
Noskew;20
Noskew;19
Noskew;18
Noskew;16
Noskew;17
Noskew;20
Noskew;16
Noskew;17
Noskew;18
Noskew;60
Noskew;59
Noskew;58
Noskew;60
Noskew;60
Noskew;58
Noskew;57
Noskew;56
Noskew;56
Noskew;57
Noskew;58
Noskew;60
Noskew;60
Noskew;59
Noskew;58
Noskew;57
Noskew;60
Noskew;56
Noskew;60
Noskew;59
Noskew;58
Noskew;60
Noskew;60
Noskew;58
Noskew;57
Noskew;56
Noskew;56
Noskew;57
Noskew;58
Noskew;60
Noskew;60
Noskew;59
Noskew;58
Noskew;57
Noskew;60
Noskew;56
Noskew;60
Noskew;59
Noskew;58
Noskew;60
Noskew;60
Noskew;58
Noskew;57
Noskew;56
Noskew;56
Noskew;57
Noskew;58
Noskew;60
Noskew;60
Noskew;59
Noskew;58
Noskew;57
Noskew;60
Noskew;56
Noskew;21
Noskew;21
Noskew;21
Noskew;21
Noskew;21
Noskew;25
Noskew;23
Noskew;24
Noskew;25
Noskew;25
Noskew;25
Noskew;21
Noskew;21
Noskew;23
Noskew;22
Noskew;22
Noskew;22
Noskew;23
Noskew;23
Noskew;24
Noskew;25
Noskew;23
Noskew;23
Noskew;25
Noskew;25
Noskew;24
Noskew;24
Noskew;25
Noskew;25
Noskew;22
Noskew;21
Noskew;21
Noskew;21
Noskew;24
Noskew;24
Noskew;23
Noskew;25
Noskew;22
Noskew;22
Noskew;23
Noskew;23
Noskew;24
Noskew;25
Noskew;25
Noskew;21
Noskew;22
Noskew;23
Noskew;24
Noskew;25
Noskew;25
Noskew;24
Noskew;23
Noskew;22
Noskew;21
Noskew;21
Noskew;23
Noskew;24
Noskew;22
Noskew;22
Noskew;22
Noskew;23
Noskew;24
Noskew;25
Noskew;25
Noskew;25
Noskew;21
Noskew;22
Noskew;23
Noskew;23
Noskew;24
Noskew;24
Noskew;25
Noskew;25
Noskew;22
Noskew;22
Noskew;21
Noskew;23
Noskew;55
Noskew;54
Noskew;53
Noskew;52
Noskew;53
Noskew;55
Noskew;51
Noskew;55
Noskew;54
Noskew;54
Noskew;53
Noskew;53
Noskew;55
Noskew;52
Noskew;51
Noskew;51
Noskew;52
Noskew;55
Noskew;54
Noskew;53
Noskew;55
Noskew;55
Noskew;51
Noskew;52
Noskew;51
Noskew;51
Noskew;52
Noskew;53
Noskew;55
Noskew;54
Noskew;53
Noskew;52
Noskew;53
Noskew;55
Noskew;51
Noskew;55
Noskew;54
Noskew;54
Noskew;53
Noskew;53
Noskew;55
Noskew;52
Noskew;51
Noskew;51
Noskew;52
Noskew;55
Noskew;54
Noskew;53
Noskew;55
Noskew;55
Noskew;51
Noskew;52
Noskew;51
Noskew;51
Noskew;52
Noskew;53
Noskew;30
Noskew;30
Noskew;29
Noskew;29
Noskew;29
Noskew;30
Noskew;27
Noskew;26
Noskew;26
Noskew;27
Noskew;30
Noskew;29
Noskew;28
Noskew;28
Noskew;28
Noskew;28
Noskew;28
Noskew;29
Noskew;28
Noskew;28
Noskew;27
Noskew;30
Noskew;26
Noskew;30
Noskew;27
Noskew;28
Noskew;26
Noskew;26
Noskew;27
Noskew;28
Noskew;30
Noskew;29
Noskew;29
Noskew;28
Noskew;27
Noskew;26
Noskew;29
Noskew;27
Noskew;26
Noskew;26
Noskew;26
Noskew;27
Noskew;28
Noskew;29
Noskew;30
Noskew;30
Noskew;27
Noskew;26
Noskew;30
Noskew;29
Noskew;30
Noskew;30
Noskew;29
Noskew;26
Noskew;27
Noskew;28
Noskew;30
Noskew;30
Noskew;29
Noskew;29
Noskew;29
Noskew;29
Noskew;28
Noskew;29
Noskew;30
Noskew;26
Noskew;26
Noskew;27
Noskew;28
Noskew;29
Noskew;30
Noskew;30
Noskew;29
Noskew;27
Noskew;46
Noskew;46
Noskew;46
Noskew;50
Noskew;49
Noskew;48
Noskew;46
Noskew;47
Noskew;49
Noskew;50
Noskew;48
Noskew;50
Noskew;49
Noskew;50
Noskew;46
Noskew;47
Noskew;49
Noskew;50
Noskew;48
Noskew;46
Noskew;46
Noskew;50
Noskew;46
Noskew;47
Noskew;50
Noskew;48
Noskew;50
Noskew;49
Noskew;48
Noskew;46
Noskew;47
Noskew;47
Noskew;48
Noskew;49
Noskew;50
Noskew;50
Noskew;47
Noskew;48
Noskew;50
Noskew;50
Noskew;46
Noskew;47
Noskew;47
Noskew;49
Noskew;50
Noskew;48
Noskew;50
Noskew;49
Noskew;50
Noskew;46
Noskew;47
Noskew;49
Noskew;50
Noskew;48
Noskew;46
Noskew;46
Noskew;50
Noskew;46
Noskew;47
Noskew;50
Noskew;48
Noskew;50
Noskew;49
Noskew;48
Noskew;35
Noskew;35
Noskew;34
Noskew;33
Noskew;32
Noskew;33
Noskew;31
Noskew;33
Noskew;34
Noskew;35
Noskew;34
Noskew;31
Noskew;33
Noskew;34
Noskew;32
Noskew;33
Noskew;32
Noskew;33
Noskew;34
Noskew;35
Noskew;33
Noskew;32
Noskew;32
Noskew;33
Noskew;34
Noskew;35
Noskew;35
Noskew;34
Noskew;35
Noskew;33
Noskew;34
Noskew;35
Noskew;35
Noskew;34
Noskew;33
Noskew;32
Noskew;31
Noskew;31
Noskew;32
Noskew;33
Noskew;34
Noskew;35
Noskew;34
Noskew;35
Noskew;34
Noskew;35
Noskew;34
Noskew;35
Noskew;32
Noskew;32
Noskew;31
Noskew;31
Noskew;32
Noskew;32
Noskew;31
Noskew;33
Noskew;33
Noskew;33
Noskew;33
Noskew;34
Noskew;35
Noskew;34
Noskew;34
Noskew;34
Noskew;35
Noskew;35
Noskew;33
Noskew;32
Noskew;31
Noskew;32
Noskew;31
Noskew;33
Noskew;34
Noskew;31
Noskew;35
Noskew;32
Noskew;34
Noskew;33
Noskew;34
Noskew;31
Noskew;32
Noskew;31
Noskew;35
Noskew;32
Noskew;35
Noskew;34
Noskew;31
Noskew;33
Noskew;33
Noskew;41
Noskew;45
Noskew;44
Noskew;45
Noskew;45
Noskew;45
Noskew;44
Noskew;43
Noskew;42
Noskew;41
Noskew;41
Noskew;45
Noskew;43
Noskew;42
Noskew;45
Noskew;41
Noskew;42
Noskew;44
Noskew;44
Noskew;44
Noskew;44
Noskew;44
Noskew;45
Noskew;43
Noskew;42
Noskew;41
Noskew;41
Noskew;44
Noskew;43
Noskew;45
Noskew;45
Noskew;45
Noskew;44
Noskew;43
Noskew;45
Noskew;43
Noskew;42
Noskew;43
Noskew;43
Noskew;43
Noskew;45
Noskew;45
Noskew;41
Noskew;44
Noskew;42
Noskew;42
Noskew;41
Noskew;43
Noskew;45
Noskew;42
Noskew;41
Noskew;45
Noskew;43
Noskew;42
Noskew;41
Noskew;41
Noskew;45
Noskew;43
Noskew;42
Noskew;45
Noskew;41
Noskew;42
Noskew;44
Noskew;44
Noskew;44
Noskew;44
Noskew;44
Noskew;45
Noskew;43
Noskew;42
Noskew;41
Noskew;41
Noskew;44
Noskew;43
Noskew;45
Noskew;43
Noskew;42
Noskew;45
Noskew;41
Noskew;42
Noskew;44
Noskew;44
Neskew;3
Neskew;2
Neskew;1
Neskew;2
Neskew;1
Neskew;0
Neskew;5
Neskew;2
Neskew;1
Neskew;3
Neskew;4
Neskew;5
Neskew;3
Neskew;4
Neskew;5
Neskew;2
Neskew;9
Neskew;6
Neskew;10
Neskew;7
Neskew;8
Neskew;9
Neskew;10
Neskew;10
Neskew;8
Neskew;9
Neskew;7
Neskew;8
Neskew;9
Neskew;10
Neskew;10
Neskew;8
Neskew;9
Neskew;11
Neskew;12
Neskew;12
Neskew;13
Neskew;14
Neskew;11
Neskew;14
Neskew;15
Neskew;13
Neskew;13
Neskew;15
Neskew;13
Neskew;20
Neskew;17
Neskew;16
Neskew;20
Neskew;20
Neskew;19
Neskew;16
Neskew;16
Neskew;17
Neskew;19
Neskew;20
Neskew;16
Neskew;16
Neskew;16
Neskew;17
Neskew;17
Neskew;18
Neskew;19
Neskew;19
Neskew;20
Neskew;20
Neskew;16
Neskew;17
Neskew;18
Neskew;23
Neskew;23
Neskew;24
Neskew;24
Neskew;24
Neskew;24
Neskew;25
Neskew;25
Neskew;25
Neskew;25
Neskew;21
Neskew;22
Neskew;21
Neskew;21
Neskew;21
Neskew;23
Neskew;22
Neskew;24
Neskew;24
Neskew;24
Neskew;25
Neskew;25
Neskew;22
Neskew;22
Neskew;21
Neskew;23
Neskew;24
Neskew;25
Neskew;22
Neskew;25
Neskew;24
Neskew;23
Neskew;22
Neskew;21
Neskew;21
Neskew;28
Neskew;29
Neskew;30
Neskew;26
Neskew;26
Neskew;27
Neskew;28
Neskew;29
Neskew;30
Neskew;30
Neskew;29
Neskew;27
Neskew;28
Neskew;29
Neskew;26
Neskew;26
Neskew;27
Neskew;28
Neskew;29
Neskew;30
Neskew;30
Neskew;26
Neskew;28
Neskew;29
Neskew;27
Neskew;30
Neskew;26
Neskew;26
Neskew;27
Neskew;27
Neskew;28
Neskew;28
Neskew;29
Neskew;29
Neskew;30
Neskew;30
Neskew;26
Neskew;26
Neskew;29
Neskew;29
Neskew;29
Neskew;27
Neskew;26
Neskew;26
Neskew;27
Neskew;28
Neskew;30
Neskew;30
Neskew;29
Neskew;21
Neskew;26
Neskew;27
Neskew;28
Neskew;29
Neskew;30
Neskew;35
Neskew;35
Neskew;34
Neskew;33
Neskew;32
Neskew;33
Neskew;31
Neskew;33
Neskew;34
Neskew;32
Neskew;33
Neskew;34
Neskew;35
Neskew;33
Neskew;32
Neskew;32
Neskew;33
Neskew;34
Neskew;35
Neskew;35
Neskew;34
Neskew;35
Neskew;33
Neskew;34
Neskew;35
Neskew;35
Neskew;34
Neskew;33
Neskew;32
Neskew;31
Neskew;31
Neskew;32
Neskew;33
Neskew;34
Neskew;35
Neskew;34
Neskew;35
Neskew;34
Neskew;35
Neskew;34
Neskew;35
Neskew;32
Neskew;32
Neskew;31
Neskew;34
Neskew;34
Neskew;35
Neskew;35
Neskew;33
Neskew;32
Neskew;31
Neskew;32
Neskew;31
Neskew;33
Neskew;34
Neskew;31
Neskew;35
Neskew;32
Neskew;34
Neskew;33
Neskew;34
Neskew;31
Neskew;40
Neskew;40
Neskew;38
Neskew;37
Neskew;40
Neskew;36
Neskew;37
Neskew;38
Neskew;39
Neskew;36
Neskew;38
Neskew;40
Neskew;40
Neskew;36
Neskew;37
Neskew;39
Neskew;40
Neskew;39
Neskew;38
Neskew;40
Neskew;38
Neskew;40
Neskew;40
Neskew;36
Neskew;36
Neskew;37
Neskew;38
Neskew;36
Neskew;36
Neskew;37
Neskew;40
Neskew;36
Neskew;40
Neskew;40
Neskew;40
Neskew;40
Neskew;40
Neskew;39
Neskew;37
Neskew;36
Neskew;40
Neskew;38
Neskew;38
Neskew;37
Neskew;39
Neskew;36
Neskew;40
Neskew;36
Neskew;37
Neskew;39
Neskew;40
Neskew;36
Neskew;38
Neskew;39
Neskew;39
Neskew;39
Neskew;38
Neskew;37
Neskew;36
Neskew;36
Neskew;36
Neskew;37
Neskew;38
Neskew;39
Neskew;40
Neskew;40
Neskew;40
Neskew;37
Neskew;36
Neskew;40
Neskew;42
Neskew;44
Neskew;45
Neskew;44
Neskew;45
Neskew;45
Neskew;45
Neskew;44
Neskew;43
Neskew;42
Neskew;41
Neskew;41
Neskew;45
Neskew;43
Neskew;42
Neskew;45
Neskew;41
Neskew;42
Neskew;44
Neskew;44
Neskew;44
Neskew;44
Neskew;44
Neskew;45
Neskew;43
Neskew;42
Neskew;41
Neskew;41
Neskew;44
Neskew;43
Neskew;45
Neskew;45
Neskew;45
Neskew;44
Neskew;43
Neskew;45
Neskew;43
Neskew;42
Neskew;43
Neskew;43
Neskew;43
Neskew;45
Neskew;45
Neskew;41
Neskew;44
Neskew;42
Neskew;42
Neskew;41
Neskew;43
Neskew;45
Neskew;42
Neskew;41
Neskew;45
Neskew;46
Neskew;46
Neskew;46
Neskew;50
Neskew;49
Neskew;48
Neskew;46
Neskew;47
Neskew;49
Neskew;50
Neskew;48
Neskew;50
Neskew;49
Neskew;50
Neskew;46
Neskew;47
Neskew;49
Neskew;50
Neskew;48
Neskew;46
Neskew;46
Neskew;50
Neskew;46
Neskew;47
Neskew;50
Neskew;48
Neskew;50
Neskew;49
Neskew;48
Neskew;46
Neskew;47
Neskew;47
Neskew;48
Neskew;49
Neskew;50
Neskew;50
Neskew;47
Neskew;48
Neskew;50
Neskew;50
Neskew;46
Neskew;47
Neskew;49
Neskew;50
Neskew;46
Neskew;47
Neskew;49
Neskew;50
Neskew;48
Neskew;46
Neskew;46
Neskew;50
Neskew;46
Neskew;47
Neskew;50
Neskew;48
Neskew;50
Neskew;49
Neskew;48
Neskew;46
Neskew;48
Neskew;46
Neskew;46
Neskew;50
Neskew;46
Neskew;47
Neskew;50
Neskew;48
Neskew;50
Neskew;49
Neskew;48
Neskew;46
Neskew;47
Neskew;49
Neskew;50
Neskew;48
Neskew;46
Neskew;46
Neskew;50
Neskew;46
Neskew;46
Neskew;47
Neskew;50
Neskew;48
Neskew;50
Neskew;49
Neskew;48
Neskew;46
Neskew;49
Neskew;50
Neskew;46
Neskew;47
Neskew;49
Neskew;50
Neskew;48
Neskew;46
Neskew;46
Neskew;50
Neskew;46
Neskew;47
Neskew;50
Neskew;48
Neskew;50
Neskew;46
Neskew;47
Neskew;49
Neskew;50
Neskew;48
Neskew;46
Neskew;46
Neskew;50
Neskew;54
Neskew;55
Neskew;53
Neskew;52
Neskew;55
Neskew;54
Neskew;53
Neskew;55
Neskew;55
Neskew;51
Neskew;52
Neskew;51
Neskew;51
Neskew;52
Neskew;53
Neskew;55
Neskew;54
Neskew;53
Neskew;52
Neskew;53
Neskew;55
Neskew;51
Neskew;55
Neskew;54
Neskew;54
Neskew;53
Neskew;53
Neskew;55
Neskew;52
Neskew;51
Neskew;51
Neskew;52
Neskew;55
Neskew;54
Neskew;53
Neskew;55
Neskew;55
Neskew;51
Neskew;52
Neskew;51
Neskew;51
Neskew;52
Neskew;53
Neskew;53
Neskew;55
Neskew;51
Neskew;55
Neskew;54
Neskew;54
Neskew;53
Neskew;53
Neskew;55
Neskew;52
Neskew;51
Neskew;51
Neskew;52
Neskew;55
Neskew;54
Neskew;53
Neskew;55
Neskew;55
Neskew;51
Neskew;55
Neskew;54
Neskew;53
Neskew;52
Neskew;53
Neskew;55
Neskew;51
Neskew;55
Neskew;54
Neskew;54
Neskew;53
Neskew;53
Neskew;52
Neskew;55
Neskew;54
Neskew;53
Neskew;55
Neskew;55
Neskew;51
Neskew;52
Neskew;51
Neskew;51
Neskew;52
Neskew;53
Neskew;55
Neskew;54
Neskew;53
Neskew;52
Neskew;53
Neskew;55
Neskew;51
Neskew;55
Neskew;54
Neskew;54
Neskew;53
Neskew;53
Neskew;55
Neskew;52
Neskew;51
Neskew;51
Neskew;52
Neskew;55
Neskew;54
Neskew;53
Neskew;55
Neskew;55
Neskew;51
Neskew;52
Neskew;51
Neskew;51
Neskew;52
Neskew;53
Neskew;53
Neskew;55
Neskew;51
Neskew;55
Neskew;54
Neskew;54
Neskew;53
Neskew;53
Neskew;60
Neskew;59
Neskew;58
Neskew;60
Neskew;60
Neskew;58
Neskew;57
Neskew;56
Neskew;56
Neskew;57
Neskew;58
Neskew;60
Neskew;60
Neskew;59
Neskew;58
Neskew;57
Neskew;60
Neskew;56
Neskew;61
Neskew;62
Neskew;63
Neskew;64
Neskew;65
Neskew;65
Neskew;65
Neskew;61
Neskew;61
Neskew;65
Neskew;62
Neskew;64
Neskew;62
Neskew;64
Neskew;65
Neskew;64
Neskew;62
Neskew;63
Neskew;61
Neskew;62
Neskew;63
Neskew;64
Neskew;65
Neskew;65
Neskew;65
Neskew;61
Neskew;61
Neskew;65
Neskew;62
Neskew;64
Neskew;62
Neskew;64
Neskew;65
Neskew;64
Neskew;62
Neskew;63
Neskew;66
Neskew;67
Neskew;64
Neskew;65
Neskew;64
Neskew;62
Neskew;63
Neskew;66
Neskew;67
Neskew;66
Neskew;68
Neskew;66
Neskew;69
Neskew;70
Neskew;70
Neskew;66
Neskew;66
Neskew;68
Neskew;66
Neskew;69
Neskew;70
Neskew;70
Neskew;66
Neskew;71
Neskew;72
Neskew;73
Neskew;74
Neskew;75
Neskew;72
Neskew;75
Neskew;71
Neskew;72
Neskew;73
Neskew;74
Neskew;75
Neskew;72
Neskew;75
